"02/01/2025,Piaui Materiais de Construcoes,00014318,20213,Venda Parcelada,22/06/2024,0606,000000266.7,00000000012,000000254.7";;;;;;;;;;;;;;;;;;;;;;
"02/01/2025,Piaui Materiais de Construcoes,00014318,20215,Venda Parcelada,22/06/2024,0606,00000515.16,00000023.19,00000491.97";;;;;;;;;;;;;;;;;;;;;;
"02/01/2025,Piaui Materiais de Construcoes,00014318,20218,Venda Parcelada,24/06/2024,0606,00000131.74,00000005.96,00000125.78";;;;;;;;;;;;;;;;;;;;;;
"02/01/2025,Piaui Materiais de Construcoes,00307868,500003,Venda Parcelada,25/07/2024,0505,000000063.4,00000002.86,00000060.54";;;;;;;;;;;;;;;;;;;;;;
"02/01/2025,Piaui Materiais de Construcoes,00307868,500003,Venda Parcelada,26/08/2024,0404,00000061.89,00000002.79,000000059.1";;;;;;;;;;;;;;;;;;;;;;
"02/01/2025,Piaui Materiais de Construcoes,00307868,500006,Venda Parcelada,26/08/2024,0406,00000102.97,00000004.63,00000098.34";;;;;;;;;;;;;;;;;;;;;;
"02/01/2025,Piaui Materiais de Construcoes,00307868,2,Venda Parcelada,27/08/2024,0406,000000137.5,00000006.18,00000131.32";;;;;;;;;;;;;;;;;;;;;;
"02/01/2025,Piaui Materiais de Construcoes,00307868,3,Venda Parcelada,27/08/2024,0406,000000147.6,00000006.64,00000140.96";;;;;;;;;;;;;;;;;;;;;;
"02/01/2025,Piaui Materiais de Construcoes,00307868,4,Venda Parcelada,26/09/2024,0303,00000052.12,00000002.35,00000049.77";;;;;;;;;;;;;;;;;;;;;;
"02/01/2025,Piaui Materiais de Construcoes,00307868,5,Venda Parcelada,26/09/2024,0303,00000049.68,00000002.24,00000047.44";;;;;;;;;;;;;;;;;;;;;;
"02/01/2025,Piaui Materiais de Construcoes,00307868,3,Venda Parcelada,26/09/2024,0304,00000098.06,00000004.41,00000093.65";;;;;;;;;;;;;;;;;;;;;;
"02/01/2025,Piaui Materiais de Construcoes,00307868,500002,Venda Parcelada,27/09/2024,0303,00000071.46,00000003.22,00000068.24";;;;;;;;;;;;;;;;;;;;;;
"02/01/2025,Piaui Materiais de Construcoes,00307868,3,Venda Parcelada,28/09/2024,0303,00000000200,00000000009,00000000191";;;;;;;;;;;;;;;;;;;;;;
"02/01/2025,Piaui Materiais de Construcoes,00307868,500005,Venda Parcelada,29/10/2024,0204,000000028.3,00000001.27,00000027.03";;;;;;;;;;;;;;;;;;;;;;
"02/01/2025,Piaui Materiais de Construcoes,00307868,500004,Venda Parcelada,29/10/2024,0206,00000094.03,00000004.23,000000089.8";;;;;;;;;;;;;;;;;;;;;;
"02/01/2025,Piaui Materiais de Construcoes,00307868,500006,Venda Parcelada,29/10/2024,0206,00000095.11,00000004.28,00000090.83";;;;;;;;;;;;;;;;;;;;;;
"02/01/2025,Piaui Materiais de Construcoes,00307868,500009,Venda Parcelada,29/10/2024,0206,00000210.98,00000009.49,00000201.49";;;;;;;;;;;;;;;;;;;;;;
"02/01/2025,Piaui Materiais de Construcoes,00307868,6,Venda Parcelada,30/10/2024,0202,00000050.78,00000002.28,000000048.5";;;;;;;;;;;;;;;;;;;;;;
"02/01/2025,Piaui Materiais de Construcoes,00307868,4,Venda Parcelada,30/10/2024,0205,00000058.94,00000002.65,00000056.29";;;;;;;;;;;;;;;;;;;;;;
"02/01/2025,Piaui Materiais de Construcoes,00307868,2,Venda Parcelada,30/10/2024,0206,00000124.47,000000005.6,00000118.87";;;;;;;;;;;;;DATA VENCIMENTO;ESTABELECIMENTO;POS;DESCRIÇÃO;DATA VENDA;PARCELA;VALOR BRUTO;COMISSÃO;VALOR CRED/DEB;
"02/01/2025,Piaui Materiais de Construcoes,00307868,3,Venda Parcelada,30/10/2024,0206,00000069.15,00000003.11,00000066.04";;;;;;;;;;;;;02/01/2025;Piaui Materiais de Construcoes;"0,00014318";Venda Parcelada;22/06/2024;0606;"R$ 166,70 ";"R$ 12,00 ";"R$ 254,70 ";
"02/01/2025,Piaui Materiais de Construcoes,00307868,5,Venda Parcelada,30/10/2024,0206,00000166.66,000000007.5,00000159.16";;;;;;;;;;;;;;;;;;;;;;
"02/01/2025,Piaui Materiais de Construcoes,00307868,3,Venda Parcelada,29/11/2024,0102,00000027.95,00000001.25,000000026.7";;;;;;;;;;;;;;;;;;;;;;
"02/01/2025,Piaui Materiais de Construcoes,00307868,6,Venda Parcelada,29/11/2024,0104,00000029.38,00000001.32,00000028.06";;;;;;;;;;;;;;;;;;;;;;
"02/01/2025,Piaui Materiais de Construcoes,00307868,1,Venda Parcelada,29/11/2024,0106,00000168.12,00000007.56,00000160.56";;;;;;;;;;;;;;;;;;;;;;
"02/01/2025,Piaui Materiais de Construcoes,00307868,4,Venda Parcelada,29/11/2024,0106,00000157.28,00000007.07,00000150.21";;;;;;;;;;;;;;;;;;;;;;
"02/01/2025,Piaui Materiais de Construcoes,00307868,7,Venda Parcelada,29/11/2024,0106,00000057.84,000000002.6,00000055.24";;;;;;;;;;;;;;;;;;;;;;
"02/01/2025,Piaui Materiais de Construcoes,00307868,CV****,Estorno de Comissao,29/11/2024,0101,00000007.07,00000000000,00000007.07";;;;;;;;;;;;;;;;;;;;;;
"02/01/2025,Piaui Materiais de Construcoes,00307868,CV****,Estorno Parcial Venda Parcel.,29/11/2024,0101,-0000157.28,00000000000,-0000157.28";;;;;;;;;;;;;;;;;;;;;;
"02/01/2025,Piaui Materiais de Construcoes,00307868,500006,Venda,30/11/2024,0101,000000003.0,00000000.12,00000002.88";;;;;;;;;;;;;;;;;;;;;;
"02/01/2025,Piaui Materiais de Construcoes,00307868,500010,Venda,30/11/2024,0101,00000098.78,00000003.95,00000094.83";;;;;;;;;;;;;;;;;;;;;;
"02/01/2025,Piaui Materiais de Construcoes,00307868,500003,Venda Parcelada,30/11/2024,0103,00000085.67,00000003.85,00000081.82";;;;;;;;;;;;;;;;;;;;;;
"02/01/2025,Piaui Materiais de Construcoes,00307868,500004,Venda Parcelada,30/11/2024,0103,00000042.02,00000001.89,00000040.13";;;;;;;;;;;;;;;;;;;;;;
"02/01/2025,Piaui Materiais de Construcoes,00307868,500011,Venda Parcelada,30/11/2024,0103,00000333.33,00000000015,00000318.33";;;;;;;;;;;;;;;;;;;;;;
"02/01/2025,Piaui Materiais de Construcoes,00307868,500002,Venda Parcelada,30/11/2024,0105,000000084.0,00000003.78,00000080.22";;;;;;;;;;;;;;;;;;;;;;
"02/01/2025,Piaui Materiais de Construcoes,00307868,500005,Venda Parcelada,30/11/2024,0106,00000189.85,00000008.54,00000181.31";;;;;;;;;;;;;;;;;;;;;;
"02/01/2025,Piaui Materiais de Construcoes,00307868,500008,Venda Parcelada,30/11/2024,0106,00000238.18,00000010.71,00000227.47";;;;;;;;;;;;;;;;;;;;;;
"02/01/2025,Piaui Materiais de Construcoes,00307868,500009,Venda Parcelada,30/11/2024,0106,000000117.5,00000005.28,00000112.22";;;;;;;;;;;;;;;;;;;;;;
"03/01/2025,Piaui Materiais de Construcoes,00014318,20220,Venda Parcelada,25/06/2024,0606,000000090.2,00000004.09,00000086.11";;;;;;;;;;;;;;;;;;;;;;
"03/01/2025,Piaui Materiais de Construcoes,00307868,500002,Venda Parcelada,27/07/2024,0505,000000180.0,000000008.1,000000171.9";;;;;;;;;;;;;;;;;;;;;;
"03/01/2025,Piaui Materiais de Construcoes,00307868,500004,Venda Parcelada,27/07/2024,0505,00000000200,00000000009,00000000191";;;;;;;;;;;;;;;;;;;;;;
"03/01/2025,Piaui Materiais de Construcoes,00307868,500003,Venda Parcelada,28/08/2024,0404,00000321.63,00000014.48,00000307.15";;;;;;;;;;;;;;;;;;;;;;
"03/01/2025,Piaui Materiais de Construcoes,00307868,500004,Venda Parcelada,28/08/2024,0404,00000023.07,00000001.06,00000022.01";;;;;;;;;;;;;;;;;;;;;;
"03/01/2025,Piaui Materiais de Construcoes,00307868,500002,Venda Parcelada,28/08/2024,0406,00000273.86,00000012.32,00000261.54";;;;;;;;;;;;;;;;;;;;;;
"03/01/2025,Piaui Materiais de Construcoes,00307868,500002,Venda Parcelada,31/10/2024,0202,000000037.7,000000001.7,00000000036";;;;;;;;;;;;;;;;;;;;;;
"03/01/2025,Piaui Materiais de Construcoes,00307868,500004,Venda Parcelada,31/10/2024,0204,00000494.49,00000022.25,00000472.24";;;;;;;;;;;;;;;;;;;;;;
"03/01/2025,Piaui Materiais de Construcoes,00307868,500003,Venda Parcelada,31/10/2024,0206,00000091.52,00000004.11,00000087.41";;;;;;;;;;;;;;;;;;;;;;
"03/01/2025,Piaui Materiais de Construcoes,00307868,500003,Venda,02/12/2024,0101,00000052.67,000000002.1,00000050.57";;;;;;;;;;;;;;;;;;;;;;
"03/01/2025,Piaui Materiais de Construcoes,00307868,500005,Venda,02/12/2024,0101,000000052.7,000000002.1,000000050.6";;;;;;;;;;;;;;;;;;;;;;
"03/01/2025,Piaui Materiais de Construcoes,00307868,500004,Venda Parcelada,02/12/2024,0103,00000056.25,00000002.53,00000053.72";;;;;;;;;;;;;;;;;;;;;;
"03/01/2025,Piaui Materiais de Construcoes,00307868,500002,Venda Parcelada,02/12/2024,0106,00000539.75,00000024.28,00000515.47";;;;;;;;;;;;;;;;;;;;;;
"06/01/2025,Piaui Materiais de Construcoes,00014318,20232,Venda Parcelada,30/09/2024,0303,00000073.42,00000003.31,00000070.11";;;;;;;;;;;;;;;;;;;;;;
"06/01/2025,Piaui Materiais de Construcoes,00307868,2,Venda Parcelada,26/06/2024,0606,00000108.77,00000004.91,00000103.86";;;;;;;;;;;;;;;;;;;;;;
"06/01/2025,Piaui Materiais de Construcoes,00307868,3,Venda Parcelada,26/06/2024,0606,000000166.7,000000007.5,000000159.2";;;;;;;;;;;;;;;;;;;;;;
"06/01/2025,Piaui Materiais de Construcoes,00307868,5,Venda Parcelada,26/06/2024,0606,00000129.37,00000005.86,00000123.51";;;;;;;;;;;;;;;;;;;;;;
"06/01/2025,Piaui Materiais de Construcoes,00307868,500003,Venda Parcelada,27/06/2024,0606,00000056.31,00000002.55,00000053.76";;;;;;;;;;;;;;;;;;;;;;
"06/01/2025,Piaui Materiais de Construcoes,00307868,500004,Venda Parcelada,27/06/2024,0606,00000098.76,00000004.46,000000094.3";;;;;;;;;;;;;;;;;;;;;;
"06/01/2025,Piaui Materiais de Construcoes,00307868,500002,Venda Parcelada,29/07/2024,0506,00000166.66,000000007.5,00000159.16";;;;;;;;;;;;;;;;;;;;;;
"06/01/2025,Piaui Materiais de Construcoes,00307868,500005,Venda Parcelada,29/07/2024,0506,00000118.59,00000005.33,00000113.26";;;;;;;;;;;;;;;;;;;;;;
"06/01/2025,Piaui Materiais de Construcoes,00307868,500008,Venda Parcelada,29/07/2024,0506,00000094.66,00000004.26,000000090.4";;;;;;;;;;;;;;;;;;;;;;
"06/01/2025,Piaui Materiais de Construcoes,00307868,3,Venda Parcelada,30/07/2024,0505,00000070.08,00000003.16,00000066.92";;;;;;;;;;;;;;;;;;;;;;
"06/01/2025,Piaui Materiais de Construcoes,00307868,2,Venda Parcelada,30/07/2024,0506,00000124.96,00000005.62,00000119.34";;;;;;;;;;;;;;;;;;;;;;
"06/01/2025,Piaui Materiais de Construcoes,00307868,4,Venda Parcelada,29/08/2024,0404,00000068.62,000000003.1,00000065.52";;;;;;;;;;;;;;;;;;;;;;
"06/01/2025,Piaui Materiais de Construcoes,00307868,6,Venda Parcelada,29/08/2024,0404,00000105.67,00000004.76,00000100.91";;;;;;;;;;;;;;;;;;;;;;
"06/01/2025,Piaui Materiais de Construcoes,00307868,8,Venda Parcelada,29/08/2024,0404,000000125.0,00000005.64,00000119.36";;;;;;;;;;;;;;;;;;;;;;
"06/01/2025,Piaui Materiais de Construcoes,00307868,3,Venda Parcelada,29/08/2024,0405,00000049.44,00000002.22,00000047.22";;;;;;;;;;;;;;;;;;;;;;
"06/01/2025,Piaui Materiais de Construcoes,00307868,500002,Venda Parcelada,30/08/2024,0406,00000108.98,000000004.9,00000104.08";;;;;;;;;;;;;;;;;;;;;;
"06/01/2025,Piaui Materiais de Construcoes,00307868,2,Venda Parcelada,31/08/2024,0406,00000221.28,00000009.95,00000211.33";;;;;;;;;;;;;;;;;;;;;;
"06/01/2025,Piaui Materiais de Construcoes,00307868,4,Venda Parcelada,31/08/2024,0406,00000390.04,00000017.55,00000372.49";;;;;;;;;;;;;;;;;;;;;;
"06/01/2025,Piaui Materiais de Construcoes,00307868,6,Venda Parcelada,31/08/2024,0406,00000281.64,00000012.67,00000268.97";;;;;;;;;;;;;;;;;;;;;;
"06/01/2025,Piaui Materiais de Construcoes,00307868,8,Venda Parcelada,31/08/2024,0406,00000027.16,00000001.22,00000025.94";;;;;;;;;;;;;;;;;;;;;;
"06/01/2025,Piaui Materiais de Construcoes,00307868,6,Venda Parcelada,30/09/2024,0304,00000052.52,00000002.36,00000050.16";;;;;;;;;;;;;;;;;;;;;;
"06/01/2025,Piaui Materiais de Construcoes,00307868,5,Venda Parcelada,30/09/2024,0306,00000036.16,00000001.62,00000034.54";;;;;;;;;;;;;;;;;;;;;;
"06/01/2025,Piaui Materiais de Construcoes,00307868,500002,Venda Parcelada,01/10/2024,0304,00000095.48,00000004.29,00000091.19";;;;;;;;;;;;;;;;;;;;;;
"06/01/2025,Piaui Materiais de Construcoes,00307868,2,Venda Parcelada,02/10/2024,0303,00000025.86,00000001.17,00000024.69";;;;;;;;;;;;;;;;;;;;;;
"06/01/2025,Piaui Materiais de Construcoes,00307868,8,Venda Parcelada,01/11/2024,0202,00000060.67,00000002.73,00000057.94";;;;;;;;;;;;;;;;;;;;;;
"06/01/2025,Piaui Materiais de Construcoes,00307868,7,Venda Parcelada,01/11/2024,0203,00000045.31,00000002.03,00000043.28";;;;;;;;;;;;;;;;;;;;;;
"06/01/2025,Piaui Materiais de Construcoes,00307868,4,Venda Parcelada,01/11/2024,0206,00000038.38,00000001.72,00000036.66";;;;;;;;;;;;;;;;;;;;;;
"06/01/2025,Piaui Materiais de Construcoes,00307868,5,Venda Parcelada,01/11/2024,0206,00000086.67,000000003.9,00000082.77";;;;;;;;;;;;;;;;;;;;;;
"06/01/2025,Piaui Materiais de Construcoes,00307868,6,Venda Parcelada,01/11/2024,0206,00000178.58,00000008.03,00000170.55";;;;;;;;;;;;;;;;;;;;;;
"06/01/2025,Piaui Materiais de Construcoes,00307868,2,Venda,03/12/2024,0101,000000050.3,00000002.01,00000048.29";;;;;;;;;;;;;;;;;;;;;;
"06/01/2025,Piaui Materiais de Construcoes,00307868,3,Venda Parcelada,03/12/2024,0102,00000106.55,00000004.79,00000101.76";;;;;;;;;;;;;;;;;;;;;;
"06/01/2025,Piaui Materiais de Construcoes,00307868,4,Venda Parcelada,03/12/2024,0103,00000096.19,00000004.32,00000091.87";;;;;;;;;;;;;;;;;;;;;;
"06/01/2025,Piaui Materiais de Construcoes,00307868,5,Venda Parcelada,03/12/2024,0103,00000026.84,000000001.2,00000025.64";;;;;;;;;;;;;;;;;;;;;;
"06/01/2025,Piaui Materiais de Construcoes,00307868,500003,Venda Parcelada,04/12/2024,0102,00000040.35,00000001.81,00000038.54";;;;;;;;;;;;;;;;;;;;;;
"06/01/2025,Piaui Materiais de Construcoes,00307868,500007,Venda Parcelada,04/12/2024,0104,00000052.74,00000002.37,00000050.37";;;;;;;;;;;;;;;;;;;;;;
"06/01/2025,Piaui Materiais de Construcoes,00307868,500004,Venda Parcelada,04/12/2024,0106,00000108.69,00000004.89,000000103.8";;;;;;;;;;;;;;;;;;;;;;
"06/01/2025,Piaui Materiais de Construcoes,00307868,500005,Venda Parcelada,04/12/2024,0106,00000026.61,00000001.19,00000025.42";;;;;;;;;;;;;;;;;;;;;;
"06/01/2025,Piaui Materiais de Construcoes,00307868,500006,Venda Parcelada,04/12/2024,0106,000000136.7,00000006.15,00000130.55";;;;;;;;;;;;;;;;;;;;;;
"06/01/2025,Piaui Materiais de Construcoes,00307868,500008,Venda Parcelada,04/12/2024,0106,000000054.6,00000002.45,00000052.15";;;;;;;;;;;;;;;;;;;;;;
"06/01/2025,Piaui Materiais de Construcoes,00307868,500009,Venda Parcelada,04/12/2024,0106,00000085.73,00000003.85,00000081.88";;;;;;;;;;;;;;;;;;;;;;
"06/01/2025,Piaui Materiais de Construcoes,00307868,500010,Venda Parcelada,04/12/2024,0106,00000280.09,000000012.6,00000267.49";;;;;;;;;;;;;;;;;;;;;;
"06/01/2025,Piaui Materiais de Construcoes,00307868,2,Venda Parcelada,05/12/2024,0105,00000039.58,00000001.78,000000037.8";;;;;;;;;;;;;;;;;;;;;;
"06/01/2025,Piaui Materiais de Construcoes,00307868,4,Venda Parcelada,05/12/2024,0105,00000038.16,00000001.71,00000036.45";;;;;;;;;;;;;;;;;;;;;;
"06/01/2025,Piaui Materiais de Construcoes,00307868,3,Venda Parcelada,05/12/2024,0106,00000214.52,00000009.65,00000204.87";;;;;;;;;;;;;;;;;;;;;;
"06/01/2025,Piaui Materiais de Construcoes,,,Aluguel POS 1431,,0101,-0000000050,00000000000,-0000000050";;;;;;;;;;;;;;;;;;;;;;
"07/01/2025,Piaui Materiais de Construcoes,00307868,500005,Venda Parcelada,29/06/2024,0606,00000220.94,00000009.94,00000000211";;;;;;;;;;;;;;;;;;;;;;
"07/01/2025,Piaui Materiais de Construcoes,00307868,500002,Venda Parcelada,03/10/2024,0305,00000021.18,00000000.95,00000020.23";;;;;;;;;;;;;;;;;;;;;;
"07/01/2025,Piaui Materiais de Construcoes,00307868,500006,Venda Parcelada,04/11/2024,0202,00000000200,00000000009,00000000191";;;;;;;;;;;;;;;;;;;;;;
"07/01/2025,Piaui Materiais de Construcoes,00307868,500007,Venda Parcelada,04/11/2024,0204,00000087.11,00000003.91,000000083.2";;;;;;;;;;;;;;;;;;;;;;
"07/01/2025,Piaui Materiais de Construcoes,00307868,500009,Venda Parcelada,04/11/2024,0204,00000094.73,00000004.26,00000090.47";;;;;;;;;;;;;;;;;;;;;;
"07/01/2025,Piaui Materiais de Construcoes,00307868,500008,Venda Parcelada,04/11/2024,0206,00000029.43,00000001.32,00000028.11";;;;;;;;;;;;;;;;;;;;;;
"07/01/2025,Piaui Materiais de Construcoes,00307868,500003,Venda,06/12/2024,0101,00000047.38,00000001.89,00000045.49";;;;;;;;;;;;;;;;;;;;;;
"07/01/2025,Piaui Materiais de Construcoes,00307868,500002,Venda Parcelada,06/12/2024,0106,000000064.5,000000002.9,000000061.6";;;;;;;;;;;;;;;;;;;;;;
"08/01/2025,Piaui Materiais de Construcoes,00014318,20237,Venda Parcelada,07/12/2024,0103,00000174.34,00000007.84,000000166.5";;;;;;;;;;;;;;;;;;;;;;
"08/01/2025,Piaui Materiais de Construcoes,00307868,2,Venda Parcelada,04/10/2024,0306,00000053.11,00000002.38,00000050.73";;;;;;;;;;;;;;;;;;;;;;
"08/01/2025,Piaui Materiais de Construcoes,00307868,3,Venda Parcelada,04/10/2024,0306,00000024.51,000000001.1,00000023.41";;;;;;;;;;;;;;;;;;;;;;
"08/01/2025,Piaui Materiais de Construcoes,00307868,2,Venda Parcelada,05/11/2024,0206,00000184.61,000000008.3,00000176.31";;;;;;;;;;;;;;;;;;;;;;
"08/01/2025,Piaui Materiais de Construcoes,00307868,3,Venda Parcelada,05/11/2024,0206,00000076.17,00000003.42,00000072.75";;;;;;;;;;;;;;;;;;;;;;
"08/01/2025,Piaui Materiais de Construcoes,00307868,2,Venda Parcelada,07/12/2024,0103,00000065.16,00000002.93,00000062.23";;;;;;;;;;;;;;;;;;;;;;
"08/01/2025,Piaui Materiais de Construcoes,00307868,8,Venda Parcelada,07/12/2024,0103,00000045.33,00000002.03,000000043.3";;;;;;;;;;;;;;;;;;;;;;
"08/01/2025,Piaui Materiais de Construcoes,00307868,4,Venda Parcelada,07/12/2024,0105,00000095.61,000000004.3,00000091.31";;;;;;;;;;;;;;;;;;;;;;
"08/01/2025,Piaui Materiais de Construcoes,00307868,9,Venda Parcelada,07/12/2024,0105,00000095.39,00000004.29,000000091.1";;;;;;;;;;;;;;;;;;;;;;
"08/01/2025,Piaui Materiais de Construcoes,00307868,3,Venda Parcelada,07/12/2024,0106,00000268.17,00000012.06,00000256.11";;;;;;;;;;;;;;;;;;;;;;
"08/01/2025,Piaui Materiais de Construcoes,00307868,7,Venda Parcelada,07/12/2024,0106,00000291.66,00000013.12,00000278.54";;;;;;;;;;;;;;;;;;;;;;
"08/01/2025,Piaui Materiais de Construcoes,00307868,11,Venda Parcelada,07/12/2024,0106,00000094.68,00000004.26,00000090.42";;;;;;;;;;;;;;;;;;;;;;
"09/01/2025,Piaui Materiais de Construcoes,00307868,500003,Venda Parcelada,01/07/2024,0606,00000043.49,00000001.99,000000041.5";;;;;;;;;;;;;;;;;;;;;;
"09/01/2025,Piaui Materiais de Construcoes,00307868,500002,Venda Parcelada,03/09/2024,0404,000000025.0,00000001.14,00000023.86";;;;;;;;;;;;;;;;;;;;;;
"09/01/2025,Piaui Materiais de Construcoes,00307868,500004,Venda Parcelada,03/09/2024,0404,00000040.29,00000001.81,00000038.48";;;;;;;;;;;;;;;;;;;;;;
"09/01/2025,Piaui Materiais de Construcoes,00307868,500006,Venda Parcelada,03/09/2024,0405,00000037.69,00000001.69,00000000036";;;;;;;;;;;;;;;;;;;;;;
"09/01/2025,Piaui Materiais de Construcoes,00307868,500007,Venda Parcelada,06/11/2024,0202,000000023.2,00000001.04,00000022.16";;;;;;;;;;;;;;;;;;;;;;
"09/01/2025,Piaui Materiais de Construcoes,00307868,500005,Venda Parcelada,06/11/2024,0203,00000140.25,00000006.31,00000133.94";;;;;;;;;;;;;;;;;;;;;;
"09/01/2025,Piaui Materiais de Construcoes,00307868,500002,Venda Parcelada,06/11/2024,0205,00000063.54,00000002.85,00000060.69";;;;;;;;;;;;;;;;;;;;;;
"09/01/2025,Piaui Materiais de Construcoes,00307868,500004,Venda Parcelada,06/11/2024,0206,00000082.74,00000003.72,00000079.02";;;;;;;;;;;;;;;;;;;;;;
"10/01/2025,Piaui Materiais de Construcoes,00014318,20224,Venda Parcelada,02/07/2024,0606,00000108.15,00000004.89,00000103.26";;;;;;;;;;;;;;;;;;;;;;
"10/01/2025,Piaui Materiais de Construcoes,00307868,2,Venda Parcelada,03/08/2024,0506,00000130.92,00000005.89,00000125.03";;;;;;;;;;;;;;;;;;;;;;
"10/01/2025,Piaui Materiais de Construcoes,00307868,3,Venda Parcelada,03/08/2024,0506,00000054.52,00000002.45,00000052.07";;;;;;;;;;;;;;;;;;;;;;
"10/01/2025,Piaui Materiais de Construcoes,00307868,3,Venda Parcelada,04/09/2024,0406,00000047.16,00000002.12,00000045.04";;;;;;;;;;;;;;;;;;;;;;
"10/01/2025,Piaui Materiais de Construcoes,00307868,6,Venda Parcelada,04/09/2024,0406,00000258.67,00000011.64,00000247.03";;;;;;;;;;;;;;;;;;;;;;
"10/01/2025,Piaui Materiais de Construcoes,00307868,7,Venda Parcelada,04/09/2024,0406,00000078.47,00000003.53,00000074.94";;;;;;;;;;;;;;;;;;;;;;
"10/01/2025,Piaui Materiais de Construcoes,00307868,5,Venda Parcelada,07/11/2024,0204,00000055.68,000000002.5,00000053.18";;;;;;;;;;;;;;;;;;;;;;
"10/01/2025,Piaui Materiais de Construcoes,00307868,3,Venda Parcelada,07/11/2024,0205,00000025.35,00000001.14,00000024.21";;;;;;;;;;;;;;;;;;;;;;
"10/01/2025,Piaui Materiais de Construcoes,00307868,6,Venda Parcelada,07/11/2024,0206,00000184.53,000000008.3,00000176.23";;;;;;;;;;;;;;;;;;;;;;
"10/01/2025,Piaui Materiais de Construcoes,00307868,4,Venda,09/12/2024,0101,000000126.0,00000005.04,00000120.96";;;;;;;;;;;;;;;;;;;;;;
"10/01/2025,Piaui Materiais de Construcoes,00307868,7,Venda Parcelada,09/12/2024,0102,000000126.4,00000005.68,00000120.72";;;;;;;;;;;;;;;;;;;;;;
"10/01/2025,Piaui Materiais de Construcoes,00307868,6,Venda Parcelada,09/12/2024,0105,00000121.09,00000005.44,00000115.65";;;;;;;;;;;;;;;;;;;;;;
"10/01/2025,Piaui Materiais de Construcoes,00307868,2,Venda Parcelada,09/12/2024,0106,00000273.32,00000012.29,00000261.03";;;;;;;;;;;;;;;;;;;;;;
"10/01/2025,Piaui Materiais de Construcoes,00307868,3,Venda Parcelada,09/12/2024,0106,00000061.44,00000002.76,00000058.68";;;;;;;;;;;;;;;;;;;;;;
"10/01/2025,Piaui Materiais de Construcoes,00307868,5,Venda Parcelada,09/12/2024,0106,00000129.01,000000005.8,00000123.21";;;;;;;;;;;;;;;;;;;;;;
"13/01/2025,Piaui Materiais de Construcoes,00014318,20234,Venda Parcelada,08/11/2024,0206,00000043.65,00000001.96,00000041.69";;;;;;;;;;;;;;;;;;;;;;
"13/01/2025,Piaui Materiais de Construcoes,00014318,20239,Venda Parcelada,11/12/2024,0106,00000486.06,00000021.87,00000464.19";;;;;;;;;;;;;;;;;;;;;;
"13/01/2025,Piaui Materiais de Construcoes,00307868,500004,Venda Parcelada,03/07/2024,0606,00000023.99,00000001.12,00000022.87";;;;;;;;;;;;;;;;;;;;;;
"13/01/2025,Piaui Materiais de Construcoes,00307868,500008,Venda Parcelada,03/07/2024,0606,00000302.61,00000013.64,00000288.97";;;;;;;;;;;;;;;;;;;;;;
"13/01/2025,Piaui Materiais de Construcoes,00307868,500010,Venda Parcelada,03/07/2024,0606,00000124.76,00000005.63,00000119.13";;;;;;;;;;;;;;;;;;;;;;
"13/01/2025,Piaui Materiais de Construcoes,00307868,500002,Venda Parcelada,05/07/2024,0606,00000128.35,000000005.8,00000122.55";;;;;;;;;;;;;;;;;;;;;;
"13/01/2025,Piaui Materiais de Construcoes,00307868,500007,Venda Parcelada,05/07/2024,0606,000000159.2,00000007.17,00000152.03";;;;;;;;;;;;;;;;;;;;;;
"13/01/2025,Piaui Materiais de Construcoes,00307868,3,Venda Parcelada,05/08/2024,0506,00000078.44,00000003.52,00000074.92";;;;;;;;;;;;;;;;;;;;;;
"13/01/2025,Piaui Materiais de Construcoes,00307868,500004,Venda Parcelada,06/08/2024,0506,000000045.1,00000002.02,00000043.08";;;;;;;;;;;;;;;;;;;;;;
"13/01/2025,Piaui Materiais de Construcoes,00307868,500007,Venda Parcelada,05/09/2024,0405,000000300.0,000000013.5,000000286.5";;;;;;;;;;;;;;;;;;;;;;
"13/01/2025,Piaui Materiais de Construcoes,00307868,500008,Venda Parcelada,05/09/2024,0405,00000141.15,00000006.35,000000134.8";;;;;;;;;;;;;;;;;;;;;;
"13/01/2025,Piaui Materiais de Construcoes,00307868,500004,Venda Parcelada,05/09/2024,0406,00000085.95,00000003.86,00000082.09";;;;;;;;;;;;;;;;;;;;;;
"13/01/2025,Piaui Materiais de Construcoes,00307868,500002,Venda Parcelada,07/10/2024,0305,000000059.9,00000002.69,00000057.21";;;;;;;;;;;;;;;;;;;;;;
"13/01/2025,Piaui Materiais de Construcoes,00307868,3,Venda Parcelada,08/10/2024,0306,000000250.0,00000011.25,00000238.75";;;;;;;;;;;;;;;;;;;;;;
"13/01/2025,Piaui Materiais de Construcoes,00307868,500004,Venda Parcelada,09/10/2024,0306,00000179.75,00000008.08,00000171.67";;;;;;;;;;;;;;;;;;;;;;
"13/01/2025,Piaui Materiais de Construcoes,00307868,500005,Venda Parcelada,08/11/2024,0202,00000034.25,00000001.54,00000032.71";;;;;;;;;;;;;;;;;;;;;;
"13/01/2025,Piaui Materiais de Construcoes,00307868,500002,Venda Parcelada,08/11/2024,0204,00000020.65,00000000.92,00000019.73";;;;;;;;;;;;;;;;;;;;;;
"13/01/2025,Piaui Materiais de Construcoes,00307868,500003,Venda Parcelada,08/11/2024,0206,00000105.02,00000004.72,000000100.3";;;;;;;;;;;;;;;;;;;;;;
"13/01/2025,Piaui Materiais de Construcoes,00307868,500004,Venda Parcelada,08/11/2024,0206,00000166.78,000000007.5,00000159.28";;;;;;;;;;;;;;;;;;;;;;
"13/01/2025,Piaui Materiais de Construcoes,00307868,2,Venda Parcelada,09/11/2024,0202,00000024.75,00000001.11,00000023.64";;;;;;;;;;;;;;;;;;;;;;
"13/01/2025,Piaui Materiais de Construcoes,00307868,3,Venda Parcelada,09/11/2024,0206,00000115.83,00000005.21,00000110.62";;;;;;;;;;;;;;;;;;;;;;
"13/01/2025,Piaui Materiais de Construcoes,00307868,500002,Venda Parcelada,10/12/2024,0102,000000057.0,00000002.56,00000054.44";;;;;;;;;;;;;;;;;;;;;;
"13/01/2025,Piaui Materiais de Construcoes,00307868,500003,Venda Parcelada,10/12/2024,0105,00000069.44,00000003.12,00000066.32";;;;;;;;;;;;;;;;;;;;;;
"13/01/2025,Piaui Materiais de Construcoes,00307868,4,Venda,11/12/2024,0101,00000028.85,00000001.15,000000027.7";;;;;;;;;;;;;;;;;;;;;;
"13/01/2025,Piaui Materiais de Construcoes,00307868,2,Venda Parcelada,11/12/2024,0102,000000067.8,00000003.05,00000064.75";;;;;;;;;;;;;;;;;;;;;;
"13/01/2025,Piaui Materiais de Construcoes,00307868,7,Venda Parcelada,11/12/2024,0103,000000026.5,00000001.19,00000025.31";;;;;;;;;;;;;;;;;;;;;;
"13/01/2025,Piaui Materiais de Construcoes,00307868,3,Venda Parcelada,11/12/2024,0106,00000100.88,00000004.53,00000096.35";;;;;;;;;;;;;;;;;;;;;;
"13/01/2025,Piaui Materiais de Construcoes,00307868,6,Venda Parcelada,11/12/2024,0106,000000099.0,00000004.45,00000094.55";;;;;;;;;;;;;;;;;;;;;;
"13/01/2025,Piaui Materiais de Construcoes,00307868,500002,Venda Parcelada,12/12/2024,0104,00000052.95,00000002.38,00000050.57";;;;;;;;;;;;;;;;;;;;;;
"13/01/2025,Piaui Materiais de Construcoes,00307868,500003,Venda Parcelada,12/12/2024,0104,00000073.79,00000003.32,00000070.47";;;;;;;;;;;;;;;;;;;;;;
"14/01/2025,Piaui Materiais de Construcoes,00307868,2,Venda Parcelada,06/07/2024,0606,00000081.85,00000003.69,00000078.16";;;;;;;;;;;;;;;;;;;;;;
"14/01/2025,Piaui Materiais de Construcoes,00307868,3,Venda Parcelada,10/10/2024,0303,00000029.17,00000001.31,00000027.86";;;;;;;;;;;;;;;;;;;;;;
"14/01/2025,Piaui Materiais de Construcoes,00307868,5,Venda Parcelada,10/10/2024,0303,000000227.0,00000010.22,00000216.78";;;;;;;;;;;;;;;;;;;;;;
"14/01/2025,Piaui Materiais de Construcoes,00307868,4,Venda Parcelada,10/10/2024,0306,00000091.01,00000004.09,00000086.92";;;;;;;;;;;;;;;;;;;;;;
"14/01/2025,Piaui Materiais de Construcoes,00307868,2,Venda Parcelada,11/11/2024,0203,000000045.7,00000002.05,00000043.65";;;;;;;;;;;;;;;;;;;;;;
"14/01/2025,Piaui Materiais de Construcoes,00307868,2,Venda,13/12/2024,0101,00000043.16,00000001.72,00000041.44";;;;;;;;;;;;;;;;;;;;;;
"14/01/2025,Piaui Materiais de Construcoes,00307868,3,Venda Parcelada,13/12/2024,0106,00000021.98,00000000.98,00000000021";;;;;;;;;;;;;;;;;;;;;;
"15/01/2025,Piaui Materiais de Construcoes,00307868,500002,Venda Parcelada,11/10/2024,0303,00000058.87,00000002.66,00000056.21";;;;;;;;;;;;;;;;;;;;;;
"15/01/2025,Piaui Materiais de Construcoes,00307868,500006,Venda Parcelada,12/11/2024,0202,00000023.17,00000001.04,00000022.13";;;;;;;;;;;;;;;;;;;;;;
"15/01/2025,Piaui Materiais de Construcoes,00307868,500005,Venda Parcelada,12/11/2024,0203,00000061.01,00000002.74,00000058.27";;;;;;;;;;;;;;;;;;;;;;
"15/01/2025,Piaui Materiais de Construcoes,00307868,500003,Venda Parcelada,12/11/2024,0206,00000245.51,00000011.04,00000234.47";;;;;;;;;;;;;;;;;;;;;;
"15/01/2025,Piaui Materiais de Construcoes,00307868,500002,Venda Parcelada,14/12/2024,0104,00000120.76,00000005.43,00000115.33";;;;;;;;;;;;;;;;;;;;;;
"16/01/2025,Piaui Materiais de Construcoes,00307868,3,Venda Parcelada,08/07/2024,0606,00000075.68,00000003.43,00000072.25";;;;;;;;;;;;;;;;;;;;;;
"16/01/2025,Piaui Materiais de Construcoes,00307868,2,Venda Parcelada,09/08/2024,0505,00000156.88,00000007.09,00000149.79";;;;;;;;;;;;;;;;;;;;;;
"16/01/2025,Piaui Materiais de Construcoes,00307868,2,Venda Parcelada,12/10/2024,0304,00000171.99,00000007.73,00000164.26";;;;;;;;;;;;;;;;;;;;;;
"16/01/2025,Piaui Materiais de Construcoes,00307868,2,Venda Parcelada,13/11/2024,0206,00000032.97,00000001.48,00000031.49";;;;;;;;;;;;;;;;;;;;;;
"17/01/2025,Piaui Materiais de Construcoes,00307868,500003,Venda Parcelada,10/08/2024,0506,00000113.27,00000005.09,00000108.18";;;;;;;;;;;;;;;;;;;;;;
"17/01/2025,Piaui Materiais de Construcoes,00307868,500002,Venda Parcelada,14/11/2024,0203,00000021.96,00000000.98,00000020.98";;;;;;;;;;;;;;;;;;;;;;
"17/01/2025,Piaui Materiais de Construcoes,00307868,500005,Venda Parcelada,14/11/2024,0203,00000026.07,00000001.17,000000024.9";;;;;;;;;;;;;;;;;;;;;;
"17/01/2025,Piaui Materiais de Construcoes,00307868,500004,Venda Parcelada,14/11/2024,0204,00000076.66,00000003.44,00000073.22";;;;;;;;;;;;;;;;;;;;;;
"17/01/2025,Piaui Materiais de Construcoes,00307868,500002,Venda Parcelada,16/12/2024,0103,000000049.5,00000002.22,00000047.28";;;;;;;;;;;;;;;;;;;;;;
"17/01/2025,Piaui Materiais de Construcoes,00307868,500003,Venda Parcelada,16/12/2024,0103,000000115.5,00000005.19,00000110.31";;;;;;;;;;;;;;;;;;;;;;
"17/01/2025,Piaui Materiais de Construcoes,00307868,500005,Venda Parcelada,16/12/2024,0103,00000030.44,00000001.36,00000029.08";;;;;;;;;;;;;;;;;;;;;;
"17/01/2025,Piaui Materiais de Construcoes,00307868,500007,Venda Parcelada,16/12/2024,0103,00000036.66,00000001.65,00000035.01";;;;;;;;;;;;;;;;;;;;;;
"17/01/2025,Piaui Materiais de Construcoes,00307868,500004,Venda Parcelada,16/12/2024,0106,00000102.54,00000004.61,00000097.93";;;;;;;;;;;;;;;;;;;;;;
"17/01/2025,Piaui Materiais de Construcoes,00307868,500006,Venda Parcelada,16/12/2024,0106,00000263.14,00000011.84,000000251.3";;;;;;;;;;;;;;;;;;;;;;
"20/01/2025,Piaui Materiais de Construcoes,00307868,4,Venda Parcelada,10/07/2024,0606,00000135.86,00000006.12,00000129.74";;;;;;;;;;;;;;;;;;;;;;
"20/01/2025,Piaui Materiais de Construcoes,00307868,5,Venda Parcelada,10/07/2024,0606,00000474.16,00000021.37,00000452.79";;;;;;;;;;;;;;;;;;;;;;
"20/01/2025,Piaui Materiais de Construcoes,00307868,2,Venda Parcelada,12/07/2024,0606,00000067.95,00000003.08,00000064.87";;;;;;;;;;;;;;;;;;;;;;
"20/01/2025,Piaui Materiais de Construcoes,00307868,5,Venda Parcelada,12/07/2024,0606,00000076.95,00000003.47,00000073.48";;;;;;;;;;;;;;;;;;;;;;
"20/01/2025,Piaui Materiais de Construcoes,00307868,500004,Venda Parcelada,12/08/2024,0505,00000051.49,00000002.34,00000049.15";;;;;;;;;;;;;;;;;;;;;;
"20/01/2025,Piaui Materiais de Construcoes,00307868,500002,Venda Parcelada,12/08/2024,0506,00000100.51,00000004.52,00000095.99";;;;;;;;;;;;;;;;;;;;;;
"20/01/2025,Piaui Materiais de Construcoes,00307868,500003,Venda Parcelada,12/08/2024,0506,00000066.66,00000000003,00000063.66";;;;;;;;;;;;;;;;;;;;;;
"20/01/2025,Piaui Materiais de Construcoes,00307868,2,Venda Parcelada,13/08/2024,0505,000000100.0,000000004.5,000000095.5";;;;;;;;;;;;;;;;;;;;;;
"20/01/2025,Piaui Materiais de Construcoes,00307868,3,Venda Parcelada,12/09/2024,0406,00000246.35,00000011.08,00000235.27";;;;;;;;;;;;;;;;;;;;;;
"20/01/2025,Piaui Materiais de Construcoes,00307868,500004,Venda Parcelada,13/09/2024,0406,00000166.68,000000007.5,00000159.18";;;;;;;;;;;;;;;;;;;;;;
"20/01/2025,Piaui Materiais de Construcoes,00307868,500006,Venda Parcelada,13/09/2024,0406,00000127.74,00000005.74,00000000122";;;;;;;;;;;;;;;;;;;;;;
"20/01/2025,Piaui Materiais de Construcoes,00307868,3,Venda Parcelada,14/09/2024,0406,00000077.83,000000003.5,00000074.33";;;;;;;;;;;;;;;;;;;;;;
"20/01/2025,Piaui Materiais de Construcoes,00307868,4,Venda Parcelada,14/09/2024,0406,00000496.35,00000022.33,00000474.02";;;;;;;;;;;;;;;;;;;;;;
"20/01/2025,Piaui Materiais de Construcoes,00307868,5,Venda Parcelada,14/09/2024,0406,000000538.6,00000024.23,00000514.37";;;;;;;;;;;;;;;;;;;;;;
"20/01/2025,Piaui Materiais de Construcoes,00307868,6,Venda Parcelada,14/09/2024,0406,00000068.51,00000003.08,00000065.43";;;;;;;;;;;;;;;;;;;;;;
"20/01/2025,Piaui Materiais de Construcoes,00307868,4,Venda Parcelada,14/10/2024,0303,000000150.0,00000006.75,00000143.25";;;;;;;;;;;;;;;;;;;;;;
"20/01/2025,Piaui Materiais de Construcoes,00307868,8,Venda Parcelada,14/10/2024,0303,00000167.48,00000007.54,00000159.94";;;;;;;;;;;;;;;;;;;;;;
"20/01/2025,Piaui Materiais de Construcoes,00307868,7,Venda Parcelada,14/10/2024,0305,000000093.8,00000004.22,00000089.58";;;;;;;;;;;;;;;;;;;;;;
"20/01/2025,Piaui Materiais de Construcoes,00307868,500006,Venda Parcelada,15/10/2024,0304,00000047.75,00000002.14,00000045.61";;;;;;;;;;;;;;;;;;;;;;
"20/01/2025,Piaui Materiais de Construcoes,00307868,500003,Venda Parcelada,15/10/2024,0306,00000182.83,00000008.22,00000174.61";;;;;;;;;;;;;;;;;;;;;;
"20/01/2025,Piaui Materiais de Construcoes,00307868,2,Venda Parcelada,16/10/2024,0303,00000044.05,00000001.98,00000042.07";;;;;;;;;;;;;;;;;;;;;;
"20/01/2025,Piaui Materiais de Construcoes,00307868,3,Venda Parcelada,16/10/2024,0303,000000080.0,000000003.6,000000076.4";;;;;;;;;;;;;;;;;;;;;;
"20/01/2025,Piaui Materiais de Construcoes,00307868,5,Venda Parcelada,16/10/2024,0303,00000027.56,00000001.25,00000026.31";;;;;;;;;;;;;;;;;;;;;;
"20/01/2025,Piaui Materiais de Construcoes,00307868,4,Venda Parcelada,16/10/2024,0304,00000025.95,00000001.16,00000024.79";;;;;;;;;;;;;;;;;;;;;;
"20/01/2025,Piaui Materiais de Construcoes,00307868,7,Venda Parcelada,16/10/2024,0305,000000027.1,00000001.21,00000025.89";;;;;;;;;;;;;;;;;;;;;;
"20/01/2025,Piaui Materiais de Construcoes,00307868,8,Venda Parcelada,16/10/2024,0306,000000101.6,00000004.57,00000097.03";;;;;;;;;;;;;;;;;;;;;;
"20/01/2025,Piaui Materiais de Construcoes,00307868,9,Venda Parcelada,16/10/2024,0306,00000107.57,00000004.84,00000102.73";;;;;;;;;;;;;;;;;;;;;;
"20/01/2025,Piaui Materiais de Construcoes,00307868,3,Venda Parcelada,15/11/2024,0202,000000037.1,00000001.67,00000035.43";;;;;;;;;;;;;;;;;;;;;;
"20/01/2025,Piaui Materiais de Construcoes,00307868,2,Venda Parcelada,15/11/2024,0206,00000133.22,00000005.99,00000127.23";;;;;;;;;;;;;;;;;;;;;;
"20/01/2025,Piaui Materiais de Construcoes,00307868,4,Venda Parcelada,15/11/2024,0206,00000074.37,00000003.34,00000071.03";;;;;;;;;;;;;;;;;;;;;;
"20/01/2025,Piaui Materiais de Construcoes,00307868,5,Venda Parcelada,15/11/2024,0206,00000141.24,00000006.35,00000134.89";;;;;;;;;;;;;;;;;;;;;;
"20/01/2025,Piaui Materiais de Construcoes,00307868,6,Venda Parcelada,15/11/2024,0206,00000059.77,00000002.68,00000057.09";;;;;;;;;;;;;;;;;;;;;;
"20/01/2025,Piaui Materiais de Construcoes,00307868,2,Venda,17/12/2024,0101,00000000100,00000000004,00000000096";;;;;;;;;;;;;;;;;;;;;;
"20/01/2025,Piaui Materiais de Construcoes,00307868,3,Venda,17/12/2024,0101,00000100.55,00000004.02,00000096.53";;;;;;;;;;;;;;;;;;;;;;
"20/01/2025,Piaui Materiais de Construcoes,00307868,6,Venda Parcelada,17/12/2024,0102,000000310.2,00000013.95,00000296.25";;;;;;;;;;;;;;;;;;;;;;
"20/01/2025,Piaui Materiais de Construcoes,00307868,5,Venda Parcelada,17/12/2024,0105,00000079.63,00000003.58,00000076.05";;;;;;;;;;;;;;;;;;;;;;
"20/01/2025,Piaui Materiais de Construcoes,00307868,4,Venda Parcelada,17/12/2024,0106,00000165.66,00000007.45,00000158.21";;;;;;;;;;;;;;;;;;;;;;
"20/01/2025,Piaui Materiais de Construcoes,00307868,500002,Venda Parcelada,18/12/2024,0102,000000170.0,00000007.65,00000162.35";;;;;;;;;;;;;;;;;;;;;;
"20/01/2025,Piaui Materiais de Construcoes,00307868,500003,Venda Parcelada,18/12/2024,0103,00000118.18,00000005.31,00000112.87";;;;;;;;;;;;;;;;;;;;;;
"20/01/2025,Piaui Materiais de Construcoes,00307868,500004,Venda Parcelada,18/12/2024,0105,000000030.2,00000001.35,00000028.85";;;;;;;;;;;;;;;;;;;;;;
"20/01/2025,Piaui Materiais de Construcoes,00307868,500005,Venda Parcelada,18/12/2024,0106,00000076.08,00000003.42,00000072.66";;;;;;;;;;;;;;;;;;;;;;
"20/01/2025,Piaui Materiais de Construcoes,00307868,5,Venda Parcelada,19/12/2024,0105,00000114.01,00000005.13,00000108.88";;;;;;;;;;;;;;;;;;;;;;
"20/01/2025,Piaui Materiais de Construcoes,00307868,2,Venda Parcelada,19/12/2024,0106,00000333.33,00000000015,00000318.33";;;;;;;;;;;;;;;;;;;;;;
"20/01/2025,Piaui Materiais de Construcoes,00307868,3,Venda Parcelada,19/12/2024,0106,00000133.19,00000005.99,000000127.2";;;;;;;;;;;;;;;;;;;;;;
"20/01/2025,Piaui Materiais de Construcoes,00307868,4,Venda Parcelada,19/12/2024,0106,00000105.14,00000004.73,00000100.41";;;;;;;;;;;;;;;;;;;;;;
"21/01/2025,Piaui Materiais de Construcoes,00307868,500005,Venda Parcelada,14/08/2024,0505,00000129.02,00000005.82,000000123.2";;;;;;;;;;;;;;;;;;;;;;
"21/01/2025,Piaui Materiais de Construcoes,00307868,500004,Venda Parcelada,14/08/2024,0506,00000087.76,00000003.94,00000083.82";;;;;;;;;;;;;;;;;;;;;;
"21/01/2025,Piaui Materiais de Construcoes,00307868,500006,Venda Parcelada,14/08/2024,0506,00000064.49,000000002.9,00000061.59";;;;;;;;;;;;;;;;;;;;;;
"21/01/2025,Piaui Materiais de Construcoes,00307868,500005,Venda Parcelada,17/10/2024,0304,000000034.1,00000001.53,00000032.57";;;;;;;;;;;;;;;;;;;;;;
"21/01/2025,Piaui Materiais de Construcoes,00307868,500003,Venda Parcelada,17/10/2024,0306,000000102.2,00000004.59,00000097.61";;;;;;;;;;;;;;;;;;;;;;
"21/01/2025,Piaui Materiais de Construcoes,00307868,500004,Venda Parcelada,18/11/2024,0203,000000135.3,00000006.08,00000129.22";;;;;;;;;;;;;;;;;;;;;;
"21/01/2025,Piaui Materiais de Construcoes,00307868,500003,Venda Parcelada,18/11/2024,0205,00000000200,00000000009,00000000191";;;;;;;;;;;;;;;;;;;;;;
"21/01/2025,Piaui Materiais de Construcoes,00307868,500005,Venda Parcelada,18/11/2024,0206,00000266.17,00000011.97,000000254.2";;;;;;;;;;;;;;;;;;;;;;
"21/01/2025,Piaui Materiais de Construcoes,00307868,500006,Venda Parcelada,18/11/2024,0206,00000432.05,00000019.44,00000412.61";;;;;;;;;;;;;;;;;;;;;;
"21/01/2025,Piaui Materiais de Construcoes,00307868,500006,Venda,20/12/2024,0101,00000061.88,00000002.47,00000059.41";;;;;;;;;;;;;;;;;;;;;;
"21/01/2025,Piaui Materiais de Construcoes,00307868,500008,Venda Parcelada,20/12/2024,0102,000000084.8,00000003.81,00000080.99";;;;;;;;;;;;;;;;;;;;;;
"21/01/2025,Piaui Materiais de Construcoes,00307868,500003,Venda Parcelada,20/12/2024,0103,00000049.65,00000002.23,00000047.42";;;;;;;;;;;;;;;;;;;;;;
"21/01/2025,Piaui Materiais de Construcoes,00307868,500004,Venda Parcelada,20/12/2024,0103,00000077.59,00000003.49,000000074.1";;;;;;;;;;;;;;;;;;;;;;
"21/01/2025,Piaui Materiais de Construcoes,00307868,500007,Venda Parcelada,20/12/2024,0103,00000100.03,000000004.5,00000095.53";;;;;;;;;;;;;;;;;;;;;;
"21/01/2025,Piaui Materiais de Construcoes,00307868,500005,Venda Parcelada,20/12/2024,0105,00000020.22,000000000.9,00000019.32";;;;;;;;;;;;;;;;;;;;;;
"21/01/2025,Piaui Materiais de Construcoes,00307868,500002,Venda Parcelada,20/12/2024,0106,00000037.98,000000001.7,00000036.28";;;;;;;;;;;;;;;;;;;;;;
"21/01/2025,Piaui Materiais de Construcoes,00307868,500009,Venda Parcelada,20/12/2024,0106,00000208.14,00000009.36,00000198.78";;;;;;;;;;;;;;;;;;;;;;
"22/01/2025,Piaui Materiais de Construcoes,00307868,2,Venda Parcelada,15/08/2024,0506,00000073.72,00000003.31,00000070.41";;;;;;;;;;;;;;;;;;;;;;
"22/01/2025,Piaui Materiais de Construcoes,00307868,4,Venda Parcelada,15/08/2024,0506,00000123.75,00000005.56,00000118.19";;;;;;;;;;;;;;;;;;;;;;
"22/01/2025,Piaui Materiais de Construcoes,00307868,3,Venda Parcelada,16/09/2024,0404,00000257.73,00000011.62,00000246.11";;;;;;;;;;;;;;;;;;;;;;
"22/01/2025,Piaui Materiais de Construcoes,00307868,2,Venda Parcelada,16/09/2024,0406,000000225.3,00000010.13,00000215.17";;;;;;;;;;;;;;;;;;;;;;
"22/01/2025,Piaui Materiais de Construcoes,00307868,2,Venda Parcelada,18/10/2024,0306,000000088.0,00000003.96,00000084.04";;;;;;;;;;;;;;;;;;;;;;
"22/01/2025,Piaui Materiais de Construcoes,00307868,3,Venda Parcelada,18/10/2024,0306,00000058.33,00000002.62,00000055.71";;;;;;;;;;;;;;;;;;;;;;
"22/01/2025,Piaui Materiais de Construcoes,00307868,4,Venda Parcelada,18/10/2024,0306,00000049.84,00000002.24,000000047.6";;;;;;;;;;;;;;;;;;;;;;
"22/01/2025,Piaui Materiais de Construcoes,00307868,5,Venda Parcelada,18/10/2024,0306,00000115.62,000000005.2,00000110.42";;;;;;;;;;;;;;;;;;;;;;
"22/01/2025,Piaui Materiais de Construcoes,00307868,1,Venda Parcelada,19/11/2024,0206,00000094.58,00000004.25,00000090.33";;;;;;;;;;;;;;;;;;;;;;
"22/01/2025,Piaui Materiais de Construcoes,00307868,3,Venda Parcelada,19/11/2024,0206,00000074.15,00000003.33,00000070.82";;;;;;;;;;;;;;;;;;;;;;
"22/01/2025,Piaui Materiais de Construcoes,00307868,2,Venda,21/12/2024,0101,00000074.25,00000002.97,00000071.28";;;;;;;;;;;;;;;;;;;;;;
"22/01/2025,Piaui Materiais de Construcoes,00307868,3,Venda Parcelada,21/12/2024,0106,00000038.69,00000001.74,00000036.95";;;;;;;;;;;;;;;;;;;;;;
"22/01/2025,Piaui Materiais de Construcoes,00307868,7,Venda Parcelada,21/12/2024,0106,00000045.65,00000002.05,000000043.6";;;;;;;;;;;;;;;;;;;;;;
"22/01/2025,Piaui Materiais de Construcoes,00307868,8,Venda Parcelada,21/12/2024,0106,00000107.53,00000004.83,000000102.7";;;;;;;;;;;;;;;;;;;;;;
"23/01/2025,Piaui Materiais de Construcoes,00307868,500003,Venda Parcelada,15/07/2024,0606,00000157.09,00000007.11,00000149.98";;;;;;;;;;;;;;;;;;;;;;
"23/01/2025,Piaui Materiais de Construcoes,00307868,500003,Venda Parcelada,16/08/2024,0506,00000033.62,00000001.51,00000032.11";;;;;;;;;;;;;;;;;;;;;;
"23/01/2025,Piaui Materiais de Construcoes,00307868,500002,Venda Parcelada,17/09/2024,0406,00000259.65,00000011.68,00000247.97";;;;;;;;;;;;;;;;;;;;;;
"23/01/2025,Piaui Materiais de Construcoes,00307868,500004,Venda Parcelada,17/09/2024,0406,00000147.02,00000006.61,00000140.41";;;;;;;;;;;;;;;;;;;;;;
"23/01/2025,Piaui Materiais de Construcoes,00307868,500004,Venda Parcelada,19/10/2024,0306,00000181.33,00000008.15,00000173.18";;;;;;;;;;;;;;;;;;;;;;
"23/01/2025,Piaui Materiais de Construcoes,00307868,500002,Venda Parcelada,20/11/2024,0202,00000033.23,000000001.5,00000031.73";;;;;;;;;;;;;;;;;;;;;;
"23/01/2025,Piaui Materiais de Construcoes,00307868,500003,Venda Parcelada,20/11/2024,0203,00000152.64,00000006.86,00000145.78";;;;;;;;;;;;;;;;;;;;;;
"23/01/2025,Piaui Materiais de Construcoes,00307868,500004,Venda Parcelada,20/11/2024,0204,00000110.25,00000004.96,00000105.29";;;;;;;;;;;;;;;;;;;;;;
"23/01/2025,Piaui Materiais de Construcoes,00307868,500005,Venda Parcelada,20/11/2024,0206,00000050.11,00000002.25,00000047.86";;;;;;;;;;;;;;;;;;;;;;
"23/01/2025,Piaui Materiais de Construcoes,00307868,500006,Venda Parcelada,20/11/2024,0206,00000193.33,000000008.7,00000184.63";;;;;;;;;;;;;;;;;;;;;;
"23/01/2025,Piaui Materiais de Construcoes,00307868,500007,Venda Parcelada,20/11/2024,0206,000000053.5,000000002.4,000000051.1";;;;;;;;;;;;;;;;;;;;;;
"24/01/2025,Piaui Materiais de Construcoes,00014318,20235,Venda Parcelada,21/11/2024,0203,00000043.86,00000001.97,00000041.89";;;;;;;;;;;;;;;;;;;;;;
"24/01/2025,Piaui Materiais de Construcoes,00307868,3,Venda Parcelada,16/07/2024,0606,00000066.36,00000000003,00000063.36";;;;;;;;;;;;;;;;;;;;;;
"24/01/2025,Piaui Materiais de Construcoes,00307868,4,Venda Parcelada,16/07/2024,0606,00000240.85,00000010.87,00000229.98";;;;;;;;;;;;;;;;;;;;;;
"24/01/2025,Piaui Materiais de Construcoes,00307868,5,Venda Parcelada,18/09/2024,0404,00000059.65,00000002.69,00000056.96";;;;;;;;;;;;;;;;;;;;;;
"24/01/2025,Piaui Materiais de Construcoes,00307868,3,Venda Parcelada,18/09/2024,0405,00000025.41,00000001.14,00000024.27";;;;;;;;;;;;;;;;;;;;;;
"24/01/2025,Piaui Materiais de Construcoes,00307868,6,Venda Parcelada,18/09/2024,0406,00000187.27,00000008.42,00000178.85";;;;;;;;;;;;;;;;;;;;;;
"24/01/2025,Piaui Materiais de Construcoes,00307868,4,Venda Parcelada,21/11/2024,0202,000000156.2,00000007.03,00000149.17";;;;;;;;;;;;;;;;;;;;;;
"24/01/2025,Piaui Materiais de Construcoes,00307868,5,Venda Parcelada,21/11/2024,0202,00000022.76,00000001.02,00000021.74";;;;;;;;;;;;;;;;;;;;;;
"24/01/2025,Piaui Materiais de Construcoes,00307868,6,Venda Parcelada,21/11/2024,0202,000000030.3,00000001.36,00000028.94";;;;;;;;;;;;;;;;;;;;;;
"24/01/2025,Piaui Materiais de Construcoes,00307868,2,Venda Parcelada,21/11/2024,0204,00000041.36,00000001.86,000000039.5";;;;;;;;;;;;;;;;;;;;;;
"24/01/2025,Piaui Materiais de Construcoes,00307868,6,Venda,23/12/2024,0101,000000049.5,00000001.98,00000047.52";;;;;;;;;;;;;;;;;;;;;;
"24/01/2025,Piaui Materiais de Construcoes,00307868,3,Venda Parcelada,23/12/2024,0102,00000104.56,000000004.7,00000099.86";;;;;;;;;;;;;;;;;;;;;;
"24/01/2025,Piaui Materiais de Construcoes,00307868,2,Venda Parcelada,23/12/2024,0103,00000100.56,00000004.52,00000096.04";;;;;;;;;;;;;;;;;;;;;;
"24/01/2025,Piaui Materiais de Construcoes,00307868,4,Venda Parcelada,23/12/2024,0106,000000051.1,00000002.29,00000048.81";;;;;;;;;;;;;;;;;;;;;;
"24/01/2025,Piaui Materiais de Construcoes,00307868,5,Venda Parcelada,23/12/2024,0106,00000432.99,00000019.48,00000413.51";;;;;;;;;;;;;;;;;;;;;;
"27/01/2025,Piaui Materiais de Construcoes,00014318,20233,Venda Parcelada,23/10/2024,0306,00000166.66,000000007.5,00000159.16";;;;;;;;;;;;;;;;;;;;;;
"27/01/2025,Piaui Materiais de Construcoes,00307868,7,Venda Parcelada,18/07/2024,0606,00000122.29,000000005.5,00000116.79";;;;;;;;;;;;;;;;;;;;;;
"27/01/2025,Piaui Materiais de Construcoes,00307868,500005,Venda Parcelada,19/09/2024,0404,00000094.49,00000004.25,00000090.24";;;;;;;;;;;;;;;;;;;;;;
"27/01/2025,Piaui Materiais de Construcoes,00307868,500003,Venda Parcelada,19/09/2024,0406,00000024.91,00000001.12,00000023.79";;;;;;;;;;;;;;;;;;;;;;
"27/01/2025,Piaui Materiais de Construcoes,00307868,500004,Venda Parcelada,19/09/2024,0406,00000076.05,00000003.42,00000072.63";;;;;;;;;;;;;;;;;;;;;;
"27/01/2025,Piaui Materiais de Construcoes,00307868,4,Venda Parcelada,20/09/2024,0406,00000020.41,00000000.91,000000019.5";;;;;;;;;;;;;;;;;;;;;;
"27/01/2025,Piaui Materiais de Construcoes,00307868,500004,Venda Parcelada,21/09/2024,0406,00000088.68,00000003.99,00000084.69";;;;;;;;;;;;;;;;;;;;;;
"27/01/2025,Piaui Materiais de Construcoes,00307868,500007,Venda Parcelada,21/09/2024,0406,00000166.66,000000007.5,00000159.16";;;;;;;;;;;;;;;;;;;;;;
"27/01/2025,Piaui Materiais de Construcoes,00307868,500008,Venda Parcelada,21/09/2024,0406,00000038.36,00000001.72,00000036.64";;;;;;;;;;;;;;;;;;;;;;
"27/01/2025,Piaui Materiais de Construcoes,00307868,500009,Venda Parcelada,21/09/2024,0406,00000330.06,00000014.85,00000315.21";;;;;;;;;;;;;;;;;;;;;;
"27/01/2025,Piaui Materiais de Construcoes,00307868,CV****,Estorno Venda Parcelada,21/09/2024,0101,-0000038.36,00000000000,-0000038.36";;;;;;;;;;;;;;;;;;;;;;
"27/01/2025,Piaui Materiais de Construcoes,00307868,CV****,Estorno Venda Parcelada,21/09/2024,0101,-0000049.87,00000000000,-0000049.87";;;;;;;;;;;;;;;;;;;;;;
"27/01/2025,Piaui Materiais de Construcoes,00307868,CV****,Estorno Venda Parcelada,21/09/2024,0101,-0000116.79,00000000000,-0000116.79";;;;;;;;;;;;;;;;;;;;;;
"27/01/2025,Piaui Materiais de Construcoes,00307868,CV****,Estorno de Comissao,21/09/2024,0101,000000007.5,00000000000,000000007.5";;;;;;;;;;;;;;;;;;;;;;
"27/01/2025,Piaui Materiais de Construcoes,00307868,CV****,Estorno de Comissao,21/09/2024,0101,00000001.72,00000000000,00000001.72";;;;;;;;;;;;;;;;;;;;;;
"27/01/2025,Piaui Materiais de Construcoes,00307868,500002,Venda Parcelada,22/11/2024,0202,00000092.75,00000004.17,00000088.58";;;;;;;;;;;;;;;;;;;;;;
"27/01/2025,Piaui Materiais de Construcoes,00307868,4,Venda Parcelada,23/11/2024,0206,000000500.0,000000022.5,000000477.5";;;;;;;;;;;;;;;;;;;;;;
"27/01/2025,Piaui Materiais de Construcoes,00307868,500002,Venda Parcelada,24/12/2024,0102,00000056.43,00000002.53,000000053.9";;;;;;;;;;;;;;;;;;;;;;
"27/01/2025,Piaui Materiais de Construcoes,00307868,500003,Venda Parcelada,24/12/2024,0106,000000125.4,00000005.64,00000119.76";;;;;;;;;;;;;;;;;;;;;;
"27/01/2025,Piaui Materiais de Construcoes,00307868,500004,Venda Parcelada,24/12/2024,0106,00000083.58,00000003.76,00000079.82";;;;;;;;;;;;;;;;;;;;;;
"27/01/2025,Piaui Materiais de Construcoes,00307868,500003,Venda,26/12/2024,0101,00000057.39,00000002.29,000000055.1";;;;;;;;;;;;;;;;;;;;;;
"27/01/2025,Piaui Materiais de Construcoes,00307868,500012,Venda,26/12/2024,0101,000000052.7,000000002.1,000000050.6";;;;;;;;;;;;;;;;;;;;;;
"27/01/2025,Piaui Materiais de Construcoes,00307868,500014,Venda,26/12/2024,0101,00000022.36,00000000.89,00000021.47";;;;;;;;;;;;;;;;;;;;;;
"27/01/2025,Piaui Materiais de Construcoes,00307868,500013,Venda Parcelada,26/12/2024,0102,000000050.0,00000002.25,00000047.75";;;;;;;;;;;;;;;;;;;;;;
"27/01/2025,Piaui Materiais de Construcoes,00307868,500009,Venda Parcelada,26/12/2024,0103,00000061.36,00000002.76,000000058.6";;;;;;;;;;;;;;;;;;;;;;
"27/01/2025,Piaui Materiais de Construcoes,00307868,500010,Venda Parcelada,26/12/2024,0103,00000031.66,00000001.42,00000030.24";;;;;;;;;;;;;;;;;;;;;;
"27/01/2025,Piaui Materiais de Construcoes,00307868,500004,Venda Parcelada,26/12/2024,0104,000000050.0,00000002.25,00000047.75";;;;;;;;;;;;;;;;;;;;;;
"27/01/2025,Piaui Materiais de Construcoes,00307868,500005,Venda Parcelada,26/12/2024,0104,00000073.62,00000003.31,00000070.31";;;;;;;;;;;;;;;;;;;;;;
"27/01/2025,Piaui Materiais de Construcoes,00307868,500011,Venda Parcelada,26/12/2024,0105,00000045.08,00000002.02,00000043.06";;;;;;;;;;;;;;;;;;;;;;
"27/01/2025,Piaui Materiais de Construcoes,00307868,500002,Venda Parcelada,26/12/2024,0106,00000029.72,00000001.33,00000028.39";;;;;;;;;;;;;;;;;;;;;;
"27/01/2025,Piaui Materiais de Construcoes,00307868,500008,Venda Parcelada,26/12/2024,0106,00000129.18,00000005.81,00000123.37";;;;;;;;;;;;;;;;;;;;;;
"28/01/2025,Piaui Materiais de Construcoes,00307868,4,Venda Parcelada,24/10/2024,0303,00000038.26,00000001.72,00000036.54";;;;;;;;;;;;;;;;;;;;;;
"28/01/2025,Piaui Materiais de Construcoes,00307868,7,Venda Parcelada,24/10/2024,0303,00000049.14,00000002.21,00000046.93";;;;;;;;;;;;;;;;;;;;;;
"28/01/2025,Piaui Materiais de Construcoes,00307868,2,Venda Parcelada,24/10/2024,0304,00000113.85,00000005.12,00000108.73";;;;;;;;;;;;;;;;;;;;;;
"28/01/2025,Piaui Materiais de Construcoes,00307868,5,Venda Parcelada,24/10/2024,0304,00000088.81,00000003.99,00000084.82";;;;;;;;;;;;;;;;;;;;;;
"28/01/2025,Piaui Materiais de Construcoes,00307868,6,Venda Parcelada,24/10/2024,0304,00000070.21,00000003.15,00000067.06";;;;;;;;;;;;;;;;;;;;;;
"28/01/2025,Piaui Materiais de Construcoes,00307868,2,Venda Parcelada,25/11/2024,0202,000000022.0,00000000.99,00000021.01";;;;;;;;;;;;;;;;;;;;;;
"28/01/2025,Piaui Materiais de Construcoes,00307868,5,Venda Parcelada,25/11/2024,0204,00000114.67,00000005.16,00000109.51";;;;;;;;;;;;;;;;;;;;;;
"28/01/2025,Piaui Materiais de Construcoes,00307868,3,Venda Parcelada,25/11/2024,0206,00000234.29,00000010.54,00000223.75";;;;;;;;;;;;;;;;;;;;;;
"28/01/2025,Piaui Materiais de Construcoes,00307868,4,Venda Parcelada,25/11/2024,0206,00000033.65,00000001.51,00000032.14";;;;;;;;;;;;;;;;;;;;;;
"28/01/2025,Piaui Materiais de Construcoes,00307868,5,Venda,27/12/2024,0101,00000117.59,000000004.7,00000112.89";;;;;;;;;;;;;;;;;;;;;;
"28/01/2025,Piaui Materiais de Construcoes,00307868,2,Venda Parcelada,27/12/2024,0102,00000086.65,00000003.89,00000082.76";;;;;;;;;;;;;;;;;;;;;;
"28/01/2025,Piaui Materiais de Construcoes,00307868,7,Venda Parcelada,27/12/2024,0102,000000083.5,00000003.75,00000079.75";;;;;;;;;;;;;;;;;;;;;;
"28/01/2025,Piaui Materiais de Construcoes,00307868,6,Venda Parcelada,27/12/2024,0103,00000091.27,000000004.1,00000087.17";;;;;;;;;;;;;;;;;;;;;;
"28/01/2025,Piaui Materiais de Construcoes,00307868,3,Venda Parcelada,27/12/2024,0105,00000038.51,00000001.73,00000036.78";;;;;;;;;;;;;;;;;;;;;;
"28/01/2025,Piaui Materiais de Construcoes,00307868,4,Venda Parcelada,27/12/2024,0106,00000070.93,00000003.19,00000067.74";;;;;;;;;;;;;;;;;;;;;;
"29/01/2025,Piaui Materiais de Construcoes,00307868,500002,Venda Parcelada,23/09/2024,0404,00000072.83,00000003.29,00000069.54";;;;;;;;;;;;;;;;;;;;;;
"29/01/2025,Piaui Materiais de Construcoes,00307868,500002,Venda Parcelada,25/10/2024,0306,000000054.6,00000002.45,00000052.15";;;;;;;;;;;;;;;;;;;;;;
"29/01/2025,Piaui Materiais de Construcoes,00307868,500003,Venda Parcelada,25/10/2024,0306,000000080.7,00000003.63,00000077.07";;;;;;;;;;;;;;;;;;;;;;
"29/01/2025,Piaui Materiais de Construcoes,00307868,500003,Venda Parcelada,26/11/2024,0203,00000111.61,00000005.02,00000106.59";;;;;;;;;;;;;;;;;;;;;;
"29/01/2025,Piaui Materiais de Construcoes,00307868,500004,Venda Parcelada,26/11/2024,0203,00000046.97,00000002.11,00000044.86";;;;;;;;;;;;;;;;;;;;;;
"29/01/2025,Piaui Materiais de Construcoes,00307868,500006,Venda Parcelada,26/11/2024,0203,00000023.21,00000001.04,00000022.17";;;;;;;;;;;;;;;;;;;;;;
"29/01/2025,Piaui Materiais de Construcoes,00307868,500005,Venda Parcelada,26/11/2024,0206,00000291.81,00000013.13,00000278.68";;;;;;;;;;;;;;;;;;;;;;
"29/01/2025,Piaui Materiais de Construcoes,00307868,500006,Venda,28/12/2024,0101,00000004.25,00000000.17,00000004.08";;;;;;;;;;;;;;;;;;;;;;
"29/01/2025,Piaui Materiais de Construcoes,00307868,500002,Venda Parcelada,28/12/2024,0102,00000164.91,00000007.42,00000157.49";;;;;;;;;;;;;;;;;;;;;;
"29/01/2025,Piaui Materiais de Construcoes,00307868,500005,Venda Parcelada,28/12/2024,0104,00000041.52,00000001.86,00000039.66";;;;;;;;;;;;;;;;;;;;;;
"29/01/2025,Piaui Materiais de Construcoes,00307868,500003,Venda Parcelada,28/12/2024,0106,00000166.66,000000007.5,00000159.16";;;;;;;;;;;;;;;;;;;;;;
"29/01/2025,Piaui Materiais de Construcoes,00307868,500004,Venda Parcelada,28/12/2024,0106,00000166.66,000000007.5,00000159.16";;;;;;;;;;;;;;;;;;;;;;
"30/01/2025,Piaui Materiais de Construcoes,00307868,5,Venda Parcelada,22/07/2024,0606,000000038.5,00000001.74,00000036.76";;;;;;;;;;;;;;;;;;;;;;
"30/01/2025,Piaui Materiais de Construcoes,00307868,2,Venda Parcelada,23/08/2024,0506,00000072.63,00000003.26,00000069.37";;;;;;;;;;;;;;;;;;;;;;
"30/01/2025,Piaui Materiais de Construcoes,00307868,3,Venda Parcelada,26/10/2024,0306,00000033.81,00000001.52,00000032.29";;;;;;;;;;;;;;;;;;;;;;
"30/01/2025,Piaui Materiais de Construcoes,00307868,2,Venda Parcelada,27/11/2024,0202,00000029.95,00000001.35,000000028.6";;;;;;;;;;;;;;;;;;;;;;
"30/01/2025,Piaui Materiais de Construcoes,00307868,5,Venda Parcelada,27/11/2024,0205,00000022.36,00000000001,00000021.36";;;;;;;;;;;;;;;;;;;;;;
"30/01/2025,Piaui Materiais de Construcoes,00307868,4,Venda Parcelada,27/11/2024,0206,00000117.06,00000005.26,000000111.8";;;;;;;;;;;;;;;;;;;;;;
"31/01/2025,Piaui Materiais de Construcoes,00307868,500005,Venda Parcelada,23/07/2024,0606,00000124.36,00000005.61,00000118.75";;;;;;;;;;;;;;;;;;;;;;
"31/01/2025,Piaui Materiais de Construcoes,00307868,500003,Venda Parcelada,25/09/2024,0405,00000049.36,00000002.22,00000047.14";;;;;;;;;;;;;;;;;;;;;;
"31/01/2025,Piaui Materiais de Construcoes,00307868,500003,Venda Parcelada,28/11/2024,0205,00000021.38,00000000.96,00000020.42";;;;;;;;;;;;;;;;;;;;;;
"31/01/2025,Piaui Materiais de Construcoes,00307868,500004,Venda Parcelada,28/11/2024,0206,000000129.1,000000005.8,000000123.3";;;;;;;;;;;;;;;;;;;;;;
"31/01/2025,Piaui Materiais de Construcoes,00307868,500002,Venda Parcelada,30/12/2024,0103,000000055.2,00000002.48,00000052.72";;;;;;;;;;;;;;;;;;;;;;
"31/01/2025,Piaui Materiais de Construcoes,00307868,500003,Venda Parcelada,30/12/2024,0106,00000036.87,00000001.65,00000035.22";;;;;;;;;;;;;;;;;;;;;;
"31/01/2025,Piaui Materiais de Construcoes,00307868,500004,Venda Parcelada,30/12/2024,0106,00000199.14,00000008.96,00000190.18";;;;;;;;;;;;;;;;;;;;;;
